SquareFeet,NumBedrooms,AgeOfHome,LotSize,NumBathrooms,GarageSize,DistanceToCityCenter,Price
2185.430534813131,1,16.793292857491753,9523.323889648507,3,2,27.20319485954338,920670.3894973131
4778.214378844623,1,41.25536657113299,9706.205600094478,1,2,3.251582503674657,1281189.5490685396
3793.972738151323,1,18.152960609754526,2647.1389981125444,1,1,25.0372670113358,754826.9319399574
3193.9631788866645,5,1.7114055410264561,1198.3164426775377,1,0,11.117812176212883,702200.7224691146
1202.0838819909643,4,41.53272532826249,7480.072356968018,1,0,16.126382484329387,658455.447821316
1201.9753415129119,5,17.25960724406378,4761.9094048343595,3,1,24.04008337580623,579189.4346700893
761.3762547568977,4,38.69172616006701,1799.5622057880796,1,2,26.646919863666167,318779.15188282856
4397.7926559872085,5,18.137894733297273,7153.786950193383,1,1,10.998661182106764,1194056.1822368652
3205.0175528444397,5,43.05340099873608,5905.949754346298,1,2,14.393460956978199,917571.457830332
3686.3266000822045,3,10.975526254047935,9824.651398009953,1,1,13.020965879686976,1159242.5453056116
592.630224331111,5,48.727363259943495,3046.6854627524103,3,0,1.384279971613406,381207.4382893549
4864.594334728975,2,38.98793873940154,4635.800886938934,1,0,9.582343776901041,1002475.4680812318
4245.991883601898,3,5.711896296019842,5882.912230558806,3,0,14.316487778244293,1077878.9904442504
1455.5259980522428,5,28.288830998328024,8125.299896080165,2,2,12.921714657532753,809322.3740572934
1318.2123524319527,1,49.26836561208673,5939.547910480528,3,2,21.935947597954705,561337.471433776
1325.3202943404522,2,23.55327263469072,6516.101447757543,3,1,12.159304899411994,620614.3446593777
1869.0900933179198,2,9.105356941079162,3035.3234643094665,1,1,15.191917020149436,523786.1299484751
2861.4039423450704,2,24.23891835751731,8622.268552797039,2,0,13.458649171838537,958171.7735079579
2443.752583889521,3,25.62288279409608,4857.674922734282,2,2,22.478158317936746,728299.6717188569
1810.5311308911887,5,37.084347211433276,2268.6366476959233,2,1,26.026199570621912,516709.3740925994
3253.3380262507076,5,34.94229265804522,6977.691230548757,2,2,16.42478329121791,993922.1303119684
1127.7223729341881,1,20.127502179849028,2944.8140786677677,3,2,23.893533631660546,421621.7983495159
1814.6509184084816,1,10.901155374704324,1878.0625921536976,2,0,9.606813778575667,436512.303697248
2148.6282948216126,2,32.25270838846647,8757.88217563845,3,0,16.699718694560794,852412.9483000493
2552.3149289766616,1,21.08519672766409,5141.460380395957,3,2,11.011668656429201,743356.551171195
4033.291826268561,3,6.61381055626652,7743.553414261988,3,2,13.011826841583078,1147642.6771838446
1398.5320197126189,5,45.02861506181928,3615.2880382571957,2,2,22.24000207956739,524225.22207423515
2814.0549728612523,2,34.56109288048272,8082.731214258997,1,2,26.56821198764867,912812.1863157785
3165.865559879191,1,34.15919282227407,2007.4233431937728,1,0,4.523366341545197,617386.2558605403
709.0268572399898,3,41.129193795583696,4203.760364153674,2,1,19.404538438134036,395761.13092089863
3233.9518335564726,3,26.483083932754052,9802.556361761757,1,0,17.882170419756157,1067439.402198681
1267.358556592812,1,40.75272142012285,8145.9074473120545,1,1,4.434036136102025,656681.4110930824
792.7321684337578,5,24.904537675550287,5475.303372832193,3,2,7.144935582763163,571237.8277875828
4769.984917639999,1,3.3587699957855044,4057.997244056966,3,1,10.019072347247727,1029432.666781599
4845.344148835517,2,20.262404401384437,8849.221300202289,2,0,5.841001053707543,1259589.24520292
4137.7880665240755,1,24.87324469899453,5903.629831760641,2,0,8.068154993205912,983475.8457567447
1870.7619612801682,3,36.01012908161479,7825.825160822,1,2,8.760423166989519,787583.7133899139
939.5245130287274,1,5.328936506433718,7786.969122845477,3,0,10.734541158132728,633440.3342873594
3579.048619304706,5,7.00092693302245,1161.5111071164265,2,2,22.73232313123361,784961.69520956
2480.686221828206,4,13.184190131730823,2136.2840451335214,2,0,17.585453911667422,607251.9021278748
1049.1720568015048,1,13.32491966854411,6936.66429755268,2,0,29.601153486590643,572246.6227902104
2728.2960955007156,5,36.60922892295312,2454.578301572843,2,2,13.02733898205666,698390.5691482412
654.7483450184827,5,12.536533028079887,3299.440101900442,2,1,22.862087141270827,421160.6262648166
4591.941809354519,3,31.654903167872376,9519.741587796465,2,0,26.27258421991948,1270108.5201242543
1664.5099172000762,5,24.71369250691357,6041.640325374206,1,1,20.690376298103217,685415.7822828052
3481.350279592919,5,28.664718908970034,7756.565562994125,3,0,12.944077472107384,1066677.4372930361
1902.6998424023493,5,41.90534815891479,6021.826649043759,3,0,22.854244291626834,744865.4643813015
2840.3060953001486,5,20.219075077451215,5972.622533044527,2,0,6.906346995407861,876646.6026004312
2960.1962570447586,2,38.545568853213524,1847.367191131281,3,0,10.49901279022384,629056.1808924588
1331.8450498648717,2,21.10180297753437,4092.9687334819273,3,1,16.853872397879375,526060.8192025705
4863.130824940514,3,17.69356882806247,3541.8780881786056,3,1,17.686872231298302,1047291.6097030157
3988.0977051250156,1,47.931358865661025,4516.5552905225195,2,0,1.6421027887062543,877840.5435237598
4727.745237038851,5,9.218546033948162,8185.097694018955,2,0,28.408311473924254,1274428.5710460476
4526.72307692442,1,4.516848028880394,4347.394011251784,3,1,21.20219086530431,993237.8265495563
3190.549904649883,1,38.54929627677392,5065.271373085145,3,2,15.375408756724841,824091.946997601
4648.434057604026,3,3.412485267704579,4576.432514367849,2,2,28.060689797840944,1061319.2196222548
898.2162592336377,5,41.85394953515147,1840.6717477776604,1,1,13.733771392274026,360802.863216672
1381.9228808861535,5,21.859669817862176,4969.649424257053,3,0,29.43263153784078,627915.5319984901
703.5228000974213,4,45.7756838645957,2760.4834574006354,1,0,15.856257960061068,316793.2074258486
1963.9864884346896,1,36.07664305609528,2680.5096619573733,3,2,4.314287329941404,539127.7479162773
2249.047803602669,1,30.52023335039788,1846.324939908397,1,2,23.17922820131904,488452.9921660923
1721.0706429825316,2,47.465339852888285,4210.0387672758825,1,1,20.688034027257373,524543.6857228121
4229.318791183682,4,19.832468652602714,7817.336963104756,1,2,23.416614917862017,1149600.0161961322
2105.3899701211517,2,47.704346826981656,3487.975215250565,2,1,28.59181883304475,560091.6773278598
1764.2052935932134,2,6.750063871060346,3811.1419169696223,1,2,23.518189776879524,562346.8799597371
2942.132374212118,2,24.187747096620637,6784.071919051812,1,2,18.72876146428276,882740.5525085747
1134.1590123864319,3,13.495561119609745,2762.56731328227,1,2,25.861958168464387,419411.7445519338
4109.886413393178,3,26.99213894540967,9072.62137381181,3,0,20.524146741281413,1204467.842402896
835.4778965589687,2,8.10069389457923,5681.71470926399,1,0,12.835452647951769,506536.1405915786
4940.991214702328,4,42.07648301550217,5028.426462881953,3,0,26.682973163011425,1113061.725520193
3975.101461834958,1,42.32039246572786,6020.381727362813,1,2,7.435113362746813,954438.5128573282
1394.2205669037758,4,47.76181563617395,2494.308820745759,1,1,21.724596972353,427158.7174791653
524.8495270562108,5,7.733607044161811,6521.258247752587,2,1,26.56534019328195,571360.6265611931
4169.576428046754,3,31.166627545249536,4267.9066297060945,3,1,22.20817907139559,963245.0981807251
3680.858047314277,1,23.71186543501848,9074.677068681569,1,1,21.22098715256185,1064450.201912983
3780.5322561844428,1,17.21918660221166,2519.687860099175,3,0,22.826510528083244,773026.4950012971
3970.7165600867556,5,17.57700805671094,5563.45993478897,3,0,14.486602200718687,1045704.7645437586
833.2009328034067,5,20.639677530337615,6383.013664321162,2,2,26.350949782553755,601952.7895277006
2113.0957784492266,2,35.24627748444765,1300.452416077431,2,2,6.8996577789466444,486515.55020735203
1021.4107678630837,3,29.91430291340773,4273.238122805262,2,1,4.6942060640098395,482381.4450195056
4383.965416440171,3,22.984075638056556,7593.717112307495,2,0,9.279754623436835,1156624.0242239437
3304.8415707240106,4,3.7966705184811045,8383.39756704076,2,1,16.4157445064748,1082782.313295876
1989.0411118369213,2,3.888267203947854,3818.457953355541,2,2,15.806292066870805,627374.4568093794
786.0125762871064,2,0.11696953128891296,8187.339451444761,2,2,24.797363972621014,657934.2580582309
1899.4204477204798,2,48.38496941035432,9709.8028939305,2,1,12.732491035716505,850000.3091340527
1963.3249491203617,2,0.26269092791924575,8711.865424675847,1,2,15.04598836245375,844078.8182315162
3783.227802521288,3,5.154687300687244,2058.7958934339267,3,1,1.3876628145224734,836351.8432267747
3369.008621098459,3,15.729827840470545,7657.572988769865,2,0,12.882437856845232,1013963.909440986
4492.457341593469,2,40.37151259083806,3877.0014919649025,2,1,19.78545275555992,931781.1453334022
2624.967163228772,4,48.104939288205884,9895.743904708688,3,0,1.4497415881711733,1018485.9315935313
1038.1741067223577,1,39.500677939592805,5368.230848438984,1,0,9.145576990401068,478745.4900725982
3709.6015425034775,1,34.52801162228203,2101.905085230469,3,2,7.030734419392308,754929.2038590191
3923.5327187760386,4,26.06503337067847,7526.6699322465165,3,2,2.2175774383780587,1126944.1125775252
3025.747389062733,2,4.33526059310918,3907.1007854759246,2,2,14.898542607521588,773233.981125473
3969.3523097955244,3,47.908539650196516,9973.703413734955,3,1,6.269975503616538,1192995.7298257805
2722.080183639758,1,37.919620697284074,9818.042120690698,3,1,22.549364649310025,976279.6701030486
2852.297732218973,5,31.947469266713092,6905.206162185226,2,2,25.589908629137106,928662.1987617981
2423.934582613473,5,37.95179227694249,2168.4380405654583,2,1,16.821970297405286,617619.5803234216
614.3860703484283,4,36.20516646365693,7181.748979075262,2,2,29.469512933113105,584465.2027879918
985.51142146987,2,31.861578989474342,1837.2743781402448,2,1,14.063878572647265,322816.97982988
641.4313355903041,1,49.02884000899941,1264.277431921531,3,0,15.88767809652255,220187.8848675819
3363.8468506870117,2,45.168190631801245,8406.626015993374,3,0,29.687314864774756,1004328.4669376891
1914.60191484347,1,32.33324595585817,2887.7765291531323,1,2,7.714904642986416,495504.49809865543
2788.5681102411627,4,34.658760572846234,4411.244135971876,1,1,28.333832250630252,749222.9266191266
4584.049132667418,4,2.5797903329354996,9761.11650978556,3,1,2.2422890984542843,1357769.3267710954
1621.8150311699374,5,33.49587322750196,4031.564516749929,1,0,13.94521981763265,563070.099682235
2346.723153660334,2,2.2082718855050087,3668.4080315498372,3,0,3.030101851858907,669533.4387799442
3899.980123443719,5,29.413187848496552,9263.871996604978,1,2,22.147807544495645,1189796.4192925303
1529.591744712301,2,49.96767497829174,1996.7360078706229,2,0,18.643859140520515,396956.61029196816
846.4095942295685,5,27.79032907185898,7836.241691031686,1,2,21.492393640560294,662845.3339931901
1803.8815381119562,3,23.66050590406667,9892.590099874966,2,0,11.859931599072493,862723.6081892883
1225.4957926430197,3,15.642742825279377,9111.66409697184,2,0,11.71497608691003,760577.212731587
4683.639435541579,3,6.026128939323222,6865.011268357834,2,1,2.3142590898659434,1190907.2527431867
4136.5417080398765,3,36.551183572914084,3826.547154934588,2,0,11.148403246359553,898871.8576286404
3350.3169042969057,1,9.629951389281521,3288.8978306048507,1,0,27.949363665599723,735893.1551070501
4421.5726558447295,3,5.764101062364219,8373.29594384315,3,2,11.99756957823302,1252120.018078741
4116.524346046015,4,21.088132986525626,8918.397225565259,2,0,25.109663480437128,1181055.746533672
1339.5652649871613,4,39.76709189795487,5728.914212911236,1,2,25.427439637748087,593303.425666208
4516.5154932049,1,37.25322740601102,3199.059467078195,2,0,11.823993534997781,892844.9970308396
2927.0400886204284,3,2.7441307323237463,2016.488875700562,1,0,19.32767173148948,644883.9691696474
4133.480698238282,3,22.757184251807804,1784.6152104864805,1,2,3.7657764659187003,836016.7646244159
4532.41084965572,3,26.121728803558447,7471.6970261847,1,1,4.006678841294018,1161811.1300266597
1931.0156373733873,5,32.22733253129111,4781.068550629525,3,2,2.4110722461896863,699337.333024216
995.2336603745455,2,32.50836752216141,9148.238868500834,1,2,17.849437707878174,682039.1969766301
1525.7082314387376,5,18.23486247286529,7657.041706540873,1,2,13.356058351156813,783672.6201660746
2421.9850488181537,2,28.0338597001757,2721.34376123128,3,1,16.892938343262962,623240.240291634
4181.066446651219,3,24.053094192204323,6523.996769341291,3,0,16.111122524743248,1081638.4397706965
4373.287624653545,3,44.24991782616405,4919.549089583434,1,2,11.155886741631178,995029.9844287207
531.2845873903582,5,26.51325663174501,6195.247576917518,3,2,20.646729029880714,563218.8166836787
2798.3628615990456,5,22.05160808740808,7642.622110046655,2,1,22.99655454657533,963832.6435646039
2378.3495141695057,2,20.224272484092538,8255.762929034117,2,2,1.4242195074525958,889363.3966819077
1499.485147118286,4,28.621387971673286,8593.635937660518,3,0,7.010026693297471,781377.4531583029
1039.3941530015727,2,40.19884897004488,3285.7738711482225,3,1,21.68384017441677,424475.7272757421
2019.2682713163258,5,26.920074519039378,1280.0403992562192,1,0,12.211985006381191,512324.2263116586
4743.093667606337,5,33.082758754027076,7653.652616482958,3,0,20.212034461306637,1253330.43030985
1954.4131940933985,1,36.89278834532625,1957.0935363019712,1,1,11.061917132302193,432676.7970713489
2834.5577978451474,5,26.008405493936593,3834.276297516709,2,2,12.331899417559475,778354.8648526578
3663.5853150283,1,21.340852832743217,1034.3542071191243,3,0,5.601687337000863,673536.6124953806
2136.3332107068227,4,43.83326889312247,7135.025341614581,1,0,8.48869957031864,790084.1149224262
4873.019372244323,2,20.875304201394606,2504.188103240991,1,0,18.55694096772003,927441.1506808532
4831.0128272395,2,23.09714252877938,6897.541687224923,2,0,13.561730228139826,1182983.8940208196
1633.0203312141387,1,49.51706566708886,9925.68355451055,3,1,23.45477780539326,824545.0731469406
2737.6182765157346,2,0.011876178794228975,1654.0378444901467,2,1,25.72496369321194,601436.0115127778
1853.9523941754635,5,9.273645478836123,1693.7021075631462,1,0,16.707746128286036,503067.7685674676
1781.7822246986043,3,19.198194495986286,4063.420834000074,1,2,22.989751469625716,589407.2085974663
665.9912630953976,1,46.62949547126264,8797.478628262079,3,0,9.90023088264253,585647.588926167
3243.0395029095357,2,3.5014852873735514,2939.768819121987,1,2,13.034165246602267,744043.2073080693
2762.0556045298767,1,0.4742716814249037,4243.400379373128,3,0,21.670552610288098,724787.2216495017
731.6543806249521,1,2.6341917988614294,1616.5486596428161,2,2,12.20014779169389,320352.9838006423
1753.9090890647515,3,4.4271705306809075,7868.397621330004,3,0,18.066643119610674,799655.9311907712
4587.196486849942,5,1.8798386603130435,4674.757084835061,3,2,6.375810593392833,1128901.913536863
1578.028508001376,1,23.98906634282524,7833.238597547585,1,0,18.393368134144442,673865.6083408352
1152.0269244105039,2,29.037860361366384,9132.470599121156,1,0,25.983897509579915,701338.2554747249
2702.5374212490337,4,13.584348553450203,3094.868323911599,3,2,26.190549554879343,723477.297812741
4935.427043497703,1,19.914369198781777,8266.564273059561,1,1,22.00598778355665,1217222.0773434485
1589.2487218017518,1,4.584966755571507,1531.8450107042795,1,2,22.626847993207654,397689.93282858183
3524.6099633264535,3,16.818523191421104,9089.626493622225,1,1,17.17989590937032,1077588.976713819
3927.288268979229,5,26.125959581726153,6856.916928028726,3,0,17.955374614808917,1081875.0885821637
1569.3689479657985,4,36.613590359232255,8868.040517245165,1,2,4.875866860905022,799736.1271937962
3776.973568753368,2,0.16731810214896115,1001.6955960092371,3,2,13.871916464217733,761894.990476573
2155.0240972366396,4,23.36553832688263,2521.7296332039323,1,2,14.07251223270455,581744.0625432226
3345.3762376711074,2,14.85014382274411,4507.834486838428,2,1,28.796437234364465,827060.6005474735
3350.883698424026,5,42.64109108459507,4415.526130372467,1,1,13.501519016075394,844130.1343880844
2910.9860783364134,2,35.77766576171209,3040.573446311596,1,0,16.93093670217997,662924.7134349238
906.3039652448374,3,29.455426723544743,4434.507458804801,3,1,16.46429057909397,494463.23691244377
4258.861230151571,3,13.863282284838679,2159.6384080022935,3,1,19.466089794285487,886863.6850689603
1943.5102923728114,3,45.516955102876715,4714.850163394234,1,0,22.69875210862498,597945.3036658543
1339.333296799344,3,2.255033861016159,8221.188962433378,2,2,7.526214408955291,762220.4191615471
683.4881369964376,4,5.473379933955758,5311.630567930161,1,2,16.333008153854635,491030.0120145729
3159.018244347088,5,19.581507027017803,1162.0008005069349,1,0,24.951613512164883,665100.3930235701
3549.0396282902707,2,6.221877864842817,4792.996374213227,2,2,14.430326701287832,901624.8653512275
574.6452301753527,2,47.82078487797125,1244.5751448175974,3,1,9.075268844833618,224940.50488639245
2804.418762346764,3,39.89946610716917,9696.190696361184,1,0,19.986563185332674,985573.7121621843
1519.2309883907208,3,12.949132580090684,2147.0856348058205,3,0,24.889254478174564,462039.4034002731
3403.2775568425245,1,29.42771144866227,7369.194936975568,3,0,2.8310684948943483,966487.4718853943
1284.6489305224613,5,49.11652575400408,9754.986906028773,2,2,23.526924018809588,817062.7106426981
3609.2198214610967,4,44.20994890657515,8434.351464999147,2,0,24.827790055891363,1078986.2472768696
2240.309058352418,2,30.039922322109902,7293.838376135833,3,0,14.384164900069598,800768.5609933506
4715.284949315305,1,45.18619835876353,8555.148185506903,1,0,29.515864047735555,1170130.1858767297
1118.8442486569697,1,49.459245490667946,9836.188239345649,3,2,23.814541880511964,744116.7942566535
2034.7985797261633,2,37.167641144681205,6592.100475281766,1,1,23.436214381974306,689743.5051264603
1010.6308455826509,4,3.2493204741447013,6032.663261463938,1,0,22.687318657950083,576244.6414072633
4661.121282253533,1,20.079011821274374,6654.142994169532,2,1,5.367634993329946,1123628.6195558296
4448.027090214415,1,41.891286764162274,5794.082980853995,1,2,7.299695707137314,1012711.7051195494
1660.7373247182002,5,11.52845979025095,6715.801953187469,1,2,14.455713812468325,748758.3119780555
3469.9282071538055,4,41.53212588753123,5048.579871753033,3,2,8.65612614882451,934923.683920485
4177.499900905472,1,6.016938101749797,2965.988645949764,2,2,13.041988197687173,879282.821450795
2998.4036521975804,4,2.3472678573906505,2082.225038605081,1,1,26.7654591877647,683452.5088261323
2883.4276026020293,2,19.20453057456248,1615.0684197903436,1,0,24.90547986449881,578272.2908566536
1588.3353090520325,3,1.8365968713306813,3369.8420537788006,2,2,19.271156475919483,577093.7889493816
918.9624551265465,1,47.86351314916628,1415.1120790216046,3,2,25.885491433282002,281011.51855040254
4537.470910789971,5,41.310284789698294,6104.53701927447,2,1,23.72939928150023,1109030.0255995914
4551.881257234987,2,40.038484356493754,3554.4560232116823,2,1,13.440563023385824,926051.6379244796
3348.9565577297058,4,31.488896149807655,8420.813272783289,1,2,6.8308894094484085,1047233.4400173473
2025.6340597191531,2,10.816201151827675,1668.167856895478,1,0,15.911830160270837,471516.1643764099
2071.443085756974,1,25.91301833381961,3037.163449073373,3,0,22.350637593327953,549978.0352510078
3766.800554916077,4,29.86370362151705,7572.215323811313,1,2,13.656168363158198,1080462.5132894989
4536.9961697865965,3,26.25157504301341,6389.274667451423,1,1,20.33638538373302,1098529.9268949523
4491.888909193028,2,13.011668397576365,1580.4214412425079,2,2,3.735495362440265,873383.3065006871
4009.4399563593074,1,25.762396215736295,8895.155114459803,1,2,22.6921373547707,1117461.3028179815
3389.142407694295,5,24.559317043431328,8895.355865435617,3,1,24.568694976898797,1103808.0291326803
878.6298424777198,4,49.81678879033621,3973.6720348819645,2,2,21.49829781763569,469722.94935589423
1227.329213425762,2,44.871807402310196,4063.6525901460823,3,2,29.0506440382646,489425.938058292
4543.493848371856,2,23.169037410780994,9901.255225151564,2,2,24.97290966635857,1289601.2484666791
3228.930768468155,3,31.146869146755936,6635.585544338244,1,1,27.189718108419612,895635.6304674037
541.3867322748334,3,37.393580204611425,5781.848685112532,2,0,28.073561420271794,471696.56959507026
956.6219428971444,5,1.7432580116912455,8543.369651967321,2,0,24.239091764340447,732198.7985288133
3485.757960986251,5,44.74607206139199,3567.6130452158477,1,1,20.553506418188473,811695.9399100582
522.7771273079841,1,43.00634082089619,4862.643340567212,1,0,1.1658388594628892,362567.7521678684
1223.636231378744,1,22.871604888685365,3409.9900793950073,3,2,14.508946843470616,458293.3095062576
2969.3020521496373,5,19.55848830401899,8102.447619298583,3,0,17.56370666004847,1006391.9764282117
3613.5283896171195,5,13.647968742815747,6160.144110716962,1,2,9.816877900991988,1007530.6827496906
3433.8256677617023,4,23.83384141651842,6929.425631260635,1,0,10.22502896020069,967866.4580773878
1509.211892572519,3,2.2188331766618385,3270.765248554659,1,1,28.87362305559479,498627.2509305833
3704.8064960639113,1,42.609676667350385,2982.027712395836,2,0,26.859615090879633,744901.8967455922
1567.6208937356002,3,1.7711184209272535,5395.371660846448,2,0,25.62619115954942,616437.6517402359
1964.2986417167047,3,16.45256826849355,7638.091741835441,2,0,12.774342249477208,786795.8989819062
3859.211323031109,5,46.5794744159495,5727.157817681442,1,1,1.397257961858522,1003412.8314257023
3423.348045712466,4,36.76063272617264,1293.8110979110174,3,0,3.326445147215708,723002.000973682
4321.5053472238005,2,14.069548028876339,8816.963556882598,1,1,10.053694678310507,1174478.792150741
3459.258015351545,4,12.632454698044254,1582.1820416361843,2,2,1.4565444768746325,774219.1266210017
3057.3887150096225,4,0.2541069909012983,9602.42035348677,2,0,1.4973436755407454,1078062.1534057497
921.5364552264161,3,34.785714642487505,1226.2776244954546,1,1,27.58149574762992,310259.33021255425
2154.721113767451,4,2.4391790836586544,7250.054105176379,1,1,21.47859656145257,840535.5268809076
1693.4106545677646,1,26.630125970038105,1739.863573406035,2,0,9.959723711976427,403797.469908039
1597.9533952058762,3,48.10609862960249,9196.089214916256,2,2,4.846692750427642,812792.290639229
4878.547496386005,1,5.473443002722695,5179.899126029885,2,1,15.837435818957236,1073375.7265661024
2268.9397610004216,2,44.72399654840337,2237.7139733531385,1,0,1.1550386647765691,512529.57483618666
4514.20949829701,3,49.57376675725241,4067.3412981086194,2,2,28.213998571886176,974981.0932817623
3340.123816987683,2,3.0758513119617525,2483.4220781208583,2,1,13.02963846227947,737251.3720171698
4076.650865937418,3,44.14531345687306,2535.2372040138102,3,1,12.66771370188265,848094.7449202302
2761.8669189733646,5,25.803951022180833,9532.97488154298,1,2,12.327214619871683,1038291.3488329425
3096.067480818616,4,45.325685972229,5007.2150105630935,3,2,3.010521581245178,851622.5586949191
2716.3296221848877,5,28.565947095978707,8099.220375148236,3,0,19.511344953962972,960507.3700532181
1378.5934450912002,2,33.10560050532823,6756.450050599136,2,0,22.257104969222247,605958.9220437004
3751.034518676774,4,27.18894539986996,7087.837261045531,1,1,20.607636530060418,1043127.5848444988
1763.475630983851,3,43.224644015367424,2185.2409462483465,2,2,5.014629306552435,478730.3058267886
609.4218489415423,4,36.69549594768509,3107.660021339371,1,2,17.786364873032184,353987.39130829717
3404.625331582255,1,26.063015609020745,8080.753016389933,3,2,17.515050040995362,1023325.9567254763
1296.9980573317202,4,43.40804020257735,9736.895858273047,1,1,26.18391285030008,783590.7084290762
4732.063629588114,1,12.264276612766729,3364.0807833878657,2,2,11.994702092893762,987796.9665078863
4792.678596511643,4,7.867032985126299,3444.1188827593587,2,2,11.773092366123592,1066514.986688493
4616.889755992019,1,8.020005266503604,5256.074195298143,2,1,18.93728470282738,1067223.074515177
2165.7141511494997,2,16.700443937261895,9854.56281569894,1,0,19.359106951485877,894644.8683774353
569.5547743799034,5,11.934501565050876,3420.6305124382397,3,0,14.609271592447922,417649.5276276675
4677.433531644764,3,46.50451752548693,4662.747186708375,3,1,13.848721507582212,1049033.8888104768
2426.8286674279143,4,5.291704691429199,9023.32014061156,1,2,15.330282448498597,960543.4150002884
4849.946685696513,5,34.949536901979386,1026.289293592258,2,1,25.970313685596043,911296.7209561571
4836.289896901638,3,9.461076989250294,1357.893684897126,3,0,14.373840136363391,932689.4234448423
4338.54254960312,3,44.08185663851751,6436.645093640973,2,0,28.25802196712485,1063060.2968305328
1825.0200143131356,1,48.06576440924537,9166.421482415622,1,1,15.616109144293455,762840.3088703965
2232.9397787086637,2,23.273500438499177,3149.709943617349,2,1,28.52682010224585,597633.4343708621
4330.115021825856,2,43.95357401140658,5226.775972126381,3,0,25.152125154203198,979430.2757016611
1926.1490232032495,5,0.25725853773573837,5054.187714920365,3,1,11.510508355859045,738180.1942975859
1262.7173600874162,2,40.997345870405006,5256.742114859591,2,0,26.045601217601863,522087.64209469466
3005.6056810625755,4,11.431258076246175,6602.677261567706,1,1,4.191835241832342,918568.5474537688
4712.696483723515,2,45.43506546346839,5227.693866916154,2,1,27.826368084947422,1021180.8930090073
3632.1340850373786,5,0.056005574005474346,5027.213271902121,1,1,19.31766193740386,970740.0147258935
3065.2752654021424,2,27.80908675198785,5268.595783881345,2,0,2.5773317071470245,807888.6829952669
937.2942219684585,4,37.83179018924673,6317.806971439373,3,1,19.683444985873535,601259.9536789908
3267.532520146264,1,12.934416534895398,5833.067395162226,1,0,29.25318197019793,826580.7989097799
4955.242325469185,5,9.656643229364652,8687.223978854538,1,0,3.024218983824239,1320544.4292208636
1130.3780685643583,1,4.2049112233992325,1445.4716814429994,1,1,17.0859435836225,332706.7454371468
2832.483435636815,1,16.32167882516465,8499.853643257113,3,1,22.686036143021802,950605.5815391226
4448.178823675799,1,27.992215615441474,8595.321513505516,2,0,24.497499014286408,1152366.0769972145
3833.45877989392,3,5.792192839012883,3564.1721937786474,3,0,13.00099649430308,899485.0515685644
3636.570834478706,3,18.83476809933994,5165.667595142656,1,2,6.920830215879047,916933.4303662155
3661.1783779419916,1,0.4536202326362482,4946.84639683692,2,0,2.2279260843991313,896054.084433198
2117.710180488898,5,40.93397102499209,2966.5885091871723,3,2,17.81205855581952,632431.491463692
1821.1632991902202,4,6.422435904659568,4571.171623776849,1,2,14.134421037760713,649505.6135919252
4142.125199653312,4,14.16714741327908,1399.4899495376899,1,2,28.51358745934162,819516.4792260239
4145.510276056313,2,0.9213859369108734,3500.39865503561,3,1,2.757542323732384,940248.8028435984
4401.8254336104665,5,21.612039194625616,8350.139579056464,3,1,20.876464959934165,1250180.7108867916
4609.58248650412,3,42.00607513706094,3561.0607158660778,3,0,1.7240204414816578,976964.1026219241
2801.04079487422,1,19.60756057225983,8363.860018734227,1,2,5.971591124605739,910417.6193314741
2756.823326092398,2,8.97486617119167,5784.395181439878,3,1,14.15379099776219,831816.2668091354
4092.3283053504883,4,37.68494170252596,8918.764096250441,1,1,14.191300841283178,1165373.6348435618
3424.8376884999434,3,39.440349093537215,6173.015988379737,3,1,20.885315745075673,927146.8695235341
3658.850947659665,3,8.68767376537834,1267.0140075826585,1,1,27.396178011164942,725227.877864703
4081.067012462455,1,38.54270542704949,7078.781867923803,1,1,19.531932608532703,1028873.5282547963
4505.024038179048,4,47.3648944128169,1403.682112212118,2,2,28.652517837693754,860578.2813467287
2020.978205831911,5,8.318879346613617,5055.373170848206,3,2,26.566853556461933,764290.8487047728
2190.123286879748,3,38.549214626606776,9364.840250258027,3,2,17.950494070392917,945379.3610303613
922.9187292839106,1,35.428600230131465,2486.8354540406517,1,2,25.17996657664599,310226.809552388
3102.2606344827827,5,23.678694421754425,4508.851176473897,1,0,19.634750699385386,822376.0263066547
661.7402320853394,4,2.896023027939915,7568.742779636305,1,2,3.278177096788087,659200.3813964453
2595.1910815960705,3,3.734720887892701,8940.327004853629,2,1,22.476376974525788,970111.303492846
2941.9008561840947,5,42.62073295993238,7038.487042682571,2,2,3.7523447967530403,949080.6966610879
1789.4356345772799,5,49.50741863753235,3323.559287720523,1,0,18.22840063652166,524271.635873076
3158.7496725605483,5,33.80261285933772,7071.4706762459455,3,1,21.376565969888638,982578.4698489008
637.2511247257224,3,22.297915350516075,3670.54876993681,3,2,2.929300638114802,435908.4283828148
668.0668493714649,3,32.37868217009538,7465.863068368617,2,2,7.693044963869421,621570.8026016329
4201.702522968462,2,29.719792961427267,9586.298148265365,2,2,27.554494735587845,1204113.1771945995
2120.8578863506827,4,19.18061302028109,7492.541059956595,1,1,18.873120274753994,802512.2995702605
1071.7723069334816,1,3.2813072287006473,8765.924526211711,3,1,8.142294545505415,702657.1259414214
2850.0946702466194,5,41.075647370372046,1018.9345885829507,1,0,21.029713363292192,591512.5290547393
3964.9709889437486,2,18.59167646193623,7458.149122584349,2,1,18.306516178888998,1081680.2378999214
1471.1946237357943,1,40.939282167854685,8466.288011787252,3,1,15.545695297620503,726655.0011618208
3303.007141185501,2,12.62543748441911,1365.0286379021327,3,2,29.309422274654427,696024.9130862867
884.063592471956,3,0.05147399228166982,8844.379545594074,2,1,20.82015954481776,727458.4062549825
732.5677452587347,5,7.9469141638378265,3310.2480547904124,1,2,11.887792180369468,439304.46339911874
2891.095842056666,1,23.426970838429217,6987.628917802497,1,2,24.202129530229172,852708.7337946566
2932.858047245479,1,47.21518174789149,8203.19391121066,3,1,26.652915494714446,909342.9419500822
3368.4345567419296,1,5.10968098468595,6963.980617534199,2,0,4.631396225988111,943324.2779357986
3767.411001751977,1,42.7104887230783,1830.5631286593152,3,0,6.816036357512728,715458.6062506728
4891.334357581406,1,26.351204810593103,6366.893669743315,2,1,7.2705832647056114,1128618.5799670927
2823.351567355379,2,41.29603828999483,5946.252910499293,1,0,21.04514247220967,773719.6154397178
1953.3041282356069,5,14.918721549499631,9102.891412668443,2,2,18.488147096545216,920262.6797723754
4078.3378764591666,3,41.99735823362359,4638.157566797883,1,2,18.950755376259057,935575.208856878
1718.745130679334,3,38.64113900084023,3889.7298737834512,2,1,28.282425690995527,553566.3168791066
2475.3713931753628,3,11.502684151571696,7748.656879928196,3,0,23.50143445141187,902872.1092860805
853.0537160401968,3,6.566756320468903,4714.0779347505695,1,0,4.710170810841712,492851.6710987942
614.0783453695587,2,43.40271612661464,6814.865575045567,3,2,11.07770539033025,546527.6794099024
4831.917866050663,4,48.1618326720066,6818.050811121463,3,1,13.626415739096332,1183115.3651377347
4261.910542304926,5,1.565115687375812,8992.35157924106,1,0,12.482886073680541,1242493.5017278772
3631.8839274216407,1,36.56350334868428,6388.231620871877,1,1,20.409949665694498,909682.8416681823
2340.288249864215,4,45.47622554739092,5519.382489657882,3,0,26.864899994440314,736532.1881100296
1279.824440318806,3,42.86800460462493,2249.841937568653,3,2,9.875492442160851,435083.52389084426
1203.9666920198872,4,48.22602361351043,2041.6384601083482,3,2,17.004436956214384,405005.3997839683
1626.093041740679,5,38.004703921904856,2388.8940875477147,3,1,23.892873235493983,535343.1847941186
2971.519991177542,1,22.11493811904551,2546.6363319438506,1,2,13.070323706515131,661361.9220167379
3715.6816521502806,1,15.597599524756522,6740.893833972706,1,0,5.87542572357958,965643.6497536487
3470.8881952297907,5,16.03713702190637,7668.831252471206,3,2,14.773577992648699,1095029.7725905962
1759.7025362567429,5,36.22113363070585,5769.923706337769,2,1,2.6014531015478255,717218.0985246457
4796.893762984373,3,37.29185060154821,8461.159592909418,2,1,28.32912016606603,1248029.6827763482
3820.536125130958,1,10.017957177435633,9921.369040602698,1,1,3.169814950654218,1163612.3839891967
2994.593236301303,4,43.40614067452655,8380.113662074204,3,0,13.715244742266767,992340.3846806473
3252.7433580545853,2,35.746202010112384,7253.9413630836325,3,0,16.36655657156726,959572.2224251151
2388.2002809250544,2,28.13751431716913,5792.434294934319,1,0,29.57381113633128,721596.215757038
1614.7894527552087,5,23.576623005125636,5039.677645072374,2,0,5.814632885642963,652813.7236733121
2101.877053930677,3,27.161640289497907,1759.5314249008811,2,0,4.318514039758398,526496.9612295801
3910.307497089661,2,7.962286913963224,4594.318735552219,2,2,1.2524782648137638,943481.9158763502
564.7706988339014,1,10.18506246381371,9191.211731039208,1,0,5.511571669209767,604660.3394851567
1022.3268822811231,5,4.558224520309584,8272.203669158976,2,0,7.010916392962361,742111.0382138013
707.0118890978874,4,7.6829019080556336,2944.4622851051845,1,2,19.286847305909678,400377.66760079714
683.2796104353656,5,22.684681730264135,5199.470062274942,1,0,7.371496921350611,499117.84106533625
4349.572628049533,4,26.517719686412804,8350.508823026901,3,1,1.595103627150431,1239809.184252281
3666.4603672101066,5,0.8930946239159687,1606.4609930697027,2,0,24.971932019572172,798584.4362334055
2633.7822308929635,5,39.83989139320138,4486.533271017934,1,0,11.602275329115036,741388.6598624372
940.2537229295067,5,14.708398667173894,8666.571131865529,2,1,11.257203910841284,740759.0888225669
2712.2714380257457,4,45.591801747995554,4635.080777531113,2,1,9.77189184586987,766928.2383022822
2630.6229685125454,4,48.375563180688886,1698.5318025829679,3,1,29.285825037246205,608520.3175197974
1279.4084145950683,5,9.272943733832717,5882.809316790263,2,1,5.933347101969163,672548.707512899
2452.332421570879,2,23.10486453828303,8755.682454264657,3,0,27.048903854643818,899032.029816898
2293.2713047881807,3,0.061591758321294376,6312.569886578437,1,1,23.52729663205675,795834.8345732692
3271.3254412349743,3,29.916363256121347,3036.5119739280863,2,1,3.217918709480079,779386.7765084531
3357.921428904397,3,30.365322413133562,4458.1565812364315,1,2,29.61514394352461,834843.5329858322
703.8680439742003,4,12.376997780168757,5051.11025063739,2,1,8.869612942631306,503231.0320040722
2185.7567658191206,4,27.920633629159898,6213.397184384741,1,1,3.8589048836499575,755661.2651787583
3316.369620714064,2,11.277007122186772,7834.159231773518,2,2,25.050112789647024,1001607.5716228442
2764.1131636103946,3,8.041273453909504,1889.8625587657186,2,2,21.493590476653296,644678.2616474237
4354.20428534745,3,32.57597334011324,9006.868297158097,2,0,18.899345370459123,1200737.485377807
3464.1213422852525,5,16.296273197603746,1110.7873271446804,2,2,5.523445047269061,762423.996642462
1233.2049218664336,4,29.513196944281123,4330.471012068298,2,0,14.876387371422895,527452.4226608858
817.5593633019344,3,21.66233744858278,1246.782789753919,2,2,23.6361247797292,313515.5347084016
3390.8867519284204,2,49.2175703701452,4536.768028107621,2,2,9.805094206171367,818939.2692234118
619.3008974372982,2,7.479032133378288,5732.3133898599135,2,0,10.039005026936202,486273.81019009853
3135.990115730585,3,23.229929831790507,5605.132479233605,2,2,1.0910862753955413,894845.4234270697
4731.0360864123095,4,34.022831317966265,2490.655123254388,1,0,6.053058647716007,922019.2282077436
3089.633800441455,2,19.777254193998434,6811.6645908605105,3,2,26.386763128533193,925943.7597661915
2246.7646679293484,5,48.73499259353449,1403.006054542014,2,1,13.810648257493504,544404.562143495
3394.796982990589,2,36.094381396346755,7857.161381191739,3,2,29.542800477798586,1014047.6655584021
2562.138007211825,1,32.849192878224656,9519.799905941916,2,0,12.475530943639985,911123.2786359865
2955.275551921707,1,37.852963380561164,4057.919444360061,2,2,21.740407188626996,706835.0412068532
4736.591639494363,4,47.63243190193585,5655.154435428987,1,0,9.175652244237146,1091865.7596203308
2237.461870103484,3,45.390932649232006,4410.192502529329,1,0,11.550479593087072,610918.2107936444
4825.357537207614,4,36.21426540632059,1060.3935127365396,3,1,6.531053640135945,935665.4050991883
4574.077888802287,4,37.45808195506415,4472.870526056044,1,1,11.064808686482454,1024030.6432397679
1381.060106551834,4,7.296103701757273,8125.482333352118,1,0,16.86988809219865,758289.2970309587
812.1258539382445,4,5.139620224633284,6363.899579651336,3,2,29.761413548398234,604122.8063087759
953.5010061984199,5,28.545225092208216,1911.3392315364304,1,0,20.261849679081784,360552.36788765294
581.9982154319738,5,0.918381847027,8624.255407244065,2,0,6.778132677841107,670126.371221783
924.9933234016778,2,24.11781907757958,5779.768103967185,3,2,2.303881806154983,549510.7460980011
3573.5304803736058,1,10.51747899594343,8575.510255702084,3,2,4.664337958120807,1085116.9680589223
820.3489180710304,4,17.300828382241978,6221.993669065264,2,2,17.314100836918374,568567.0665631322
1935.3903363219258,2,38.7902367896478,6037.196003541459,1,2,23.189649535686222,662837.020945887
4301.938899362545,1,47.06187521161932,1947.3326667731114,3,0,28.27215701172166,776586.1127569547
604.7237108112164,3,3.620813607317075,2506.2375982476515,3,0,1.4588719879078038,364095.5850836798
4165.10817165021,5,26.712110298822257,9748.22730846932,2,1,16.160044105294226,1278856.5780906104
1768.3464864802997,1,44.12667429098,3056.3807207929367,2,0,14.655153330472126,466266.9605543345
1031.7417242974532,3,4.125426722021064,9797.069061913311,1,2,20.025595637295414,792058.5609257328
3635.317244138678,1,41.22570234484169,5787.21435871837,3,1,17.227786779494917,917681.6344560771
3330.2428105094777,5,17.89006754641357,2222.101423575434,1,2,20.924135366891935,780770.8360114036
4448.624060871738,5,16.104735110966768,1893.7198247832366,1,0,20.08439495772652,893183.2153713097
3807.819697117486,2,48.87331931573929,2879.77663635166,2,1,4.39334002088044,786200.3807751004
4115.6641867318185,4,10.042954493114708,9330.735970228023,3,2,24.19181949494287,1260203.6964444416
1769.1555765708792,1,34.659697041134045,4727.352018954041,3,1,4.573744695773421,574017.3471279847
1298.4779470087528,1,41.072036400493324,4558.908411936229,3,1,21.257388131064975,500727.8196797194
3877.7663823838625,3,2.0591747639635836,3818.856349631566,2,0,13.068215661577595,900775.294078936
4130.756326702688,5,33.51927291772061,2323.5566550992953,2,2,15.90167130272134,907621.1415667532
4957.273139003029,1,47.577498717766346,5390.6607747316575,2,1,27.195642416895605,1068743.812201617
2356.7795461014193,5,6.210998336402968,2170.4300426002483,2,1,26.80662806773111,643391.185978358
2174.0813860675244,1,44.81106513425191,8519.322127440948,2,2,24.717832863995856,807366.2719019757
3993.858323338986,2,29.738831868846805,4333.572876477758,3,1,15.794303033233374,933603.5116268896
2033.6159311385802,4,30.8302290931237,4373.232110036168,1,1,22.35095449388116,651145.413776174
4688.407965216042,1,30.647208743280295,5266.057856348403,3,1,15.874014610045473,1052592.73331772
4362.857383293553,5,14.941794316865693,4997.149418491765,1,2,26.218576391768547,1053841.4897122062
2430.4731231875826,2,46.760090764972986,9953.721757533895,2,2,12.680499163754098,941938.8439956381
3878.9198050617383,1,47.367523131551934,5908.430090964723,1,2,29.136824988031428,932713.6696020889
3895.4429333810704,3,31.26523301069739,1793.8153341088362,3,2,28.037359988637448,830566.7511318193
964.0574097616968,4,39.171136297080736,6461.896074192369,3,0,22.50647596410178,582462.5901929892
4561.48808005805,1,30.6128992940579,2364.2586358289195,1,1,9.103060641106088,851686.513685117
2773.635676015357,2,24.21992237870203,1278.4388025820776,2,2,4.817954075004494,602552.5339219479
4219.058597484837,3,33.04100591496253,9736.679383095234,2,1,25.786400052702728,1216219.417542507
1940.2232046377528,2,27.650072629597922,7961.8500238110755,3,1,5.793766298000877,813762.579949901
4529.854528232902,2,29.873793131596504,9820.980931723901,1,0,25.773562880922736,1237420.112984339
2251.4075543037343,3,39.1916276709431,5300.906032200182,2,2,15.232185194658452,715708.9414623174
548.7694316613427,2,24.04519157244924,5790.317780340785,2,2,12.790146730435023,485803.75417379074
4574.218893886687,3,2.037705304623638,2515.0326032721723,3,1,27.192532586198443,965052.4763404226
910.790045537601,1,8.199974049474863,3222.1668400082704,2,2,18.51167849366806,398474.97055688297
1936.9113691568668,3,21.930360824476917,8546.942934125454,1,1,17.721806206761816,804528.97783556
4775.278851728622,3,36.24132799370292,4205.6708240583475,3,1,17.204212394107532,1048518.4420573441
4777.732161219003,4,29.66393241550894,8441.334764167772,3,0,11.763915964566412,1293911.2756540885
3080.4704965547876,3,32.514709293672695,7381.123518583287,1,0,23.78365000234469,895632.5294854923
3343.267454764097,3,23.963946428814364,2594.5383274467895,3,0,8.331154876457418,748429.6605185214
2518.004848902439,1,30.787101097112142,5567.01729507768,2,1,28.227953841196975,725418.7838191993
1819.4484726412904,4,16.45087189073311,7096.485893668451,2,2,26.925570946361862,778213.8268430248
1978.9904541646217,5,23.509129634833254,3115.334933234426,1,0,10.786929444572047,592824.5420251382
3526.333052346673,1,37.21395327974778,8476.196594680692,2,2,22.154449325118247,1017475.4275654521
3885.68538246956,1,43.59163894865606,5903.448917906681,1,0,17.62347263903815,922246.4608635161
4062.1056967663185,5,21.682766697819446,2487.178453983429,1,0,10.791829757977803,872065.101294213
4053.2816425754927,3,2.1830828853680595,6246.859835481422,2,1,29.667127791867955,1060288.4466025236
910.4274637191066,2,8.083627207340133,9997.424237403226,1,0,1.731883029599662,735688.5368155983
2724.8913711616165,4,1.043056964576905,2354.693424970722,2,0,8.326734888017313,683016.9021938029
759.0144200748992,2,32.663150961866506,8350.812371075754,3,1,16.08214777222336,641956.8932873256
2972.87997045681,5,16.615731267755447,2865.7810286880217,3,2,16.136637100878353,781401.8767243974
2486.8872561801963,1,27.123931785968374,8041.494965140786,1,0,18.07905917342136,812042.3850304345
4494.668822412349,1,24.66384233918998,7611.201308092719,2,1,22.798608988664657,1139570.8101901256
2079.1175564843543,4,4.076324477621335,3704.4044704038915,2,0,19.080857085059595,651652.3768351785
1026.8015739242264,1,20.16306805619159,3932.4080580800482,3,1,18.408162355313074,425204.98584521015
1143.4625692377613,1,11.028056246116163,8132.692527666272,3,2,2.5519194244782555,694307.9929618657
3926.7978427286253,4,20.919989433382636,5153.009606985814,2,2,11.919378345889651,1010214.082777185
3281.981284923175,4,10.178914017112135,7577.362258406279,1,1,7.729616451333524,993852.297951233
955.052042552556,5,42.02262031384667,2331.857326292513,3,1,8.695733236457286,427915.8545844412
878.4806275174885,1,8.709666828912683,8673.020037113982,1,1,17.075786755870002,641763.3104199321
3654.36109156604,1,48.03902757434885,7397.962450140872,1,2,6.785654132958644,985023.2573044613
827.4335286388709,5,20.79536830734704,9162.485279513505,3,0,9.524523929490028,751670.1951086591
4198.3702668066035,3,42.31226460095247,2191.351411314752,1,2,7.875456547002862,830852.4377823179
3678.090022204233,3,31.438240910297253,6337.130503245379,1,1,28.506585353327647,960959.3515135341
866.069512888549,3,36.76751493328763,6392.085265362926,2,1,28.39530623296176,548245.6672565603
881.7697133833636,5,38.38619440333901,4181.1466649210415,1,2,18.688305199285498,470483.9319091681
4939.87810325529,1,25.24224409465089,5126.19782112332,2,1,27.811151593225098,1090327.2214833098
2184.2185809025414,5,27.16502616816442,1341.8340696086811,3,2,23.78856671858282,560954.1992725163
2167.8896618010094,5,25.69979339043625,7712.740347643108,3,1,18.108488601252454,858636.8752106464
4157.598052658761,3,29.40291890450396,5943.902314628566,2,0,1.1866211334070758,1046655.5838402499
4762.618598227365,2,1.4697222878253646,1519.6694668225641,3,0,23.402972296302718,906369.419916097
4937.004787202919,1,19.775758492450763,7126.80303664437,1,1,21.372161906065596,1158461.297857516
3890.2018336652372,3,30.309435678058577,5201.0386950806915,1,2,18.842355945190008,945272.5355068763
2193.1681348891207,2,29.886178262793216,1310.151334825,1,0,23.05230503879168,452373.94185084576
875.7532251440094,2,39.64780473028158,9726.469541632858,3,2,15.874742778468205,717439.3600210942
3997.1611216734655,4,32.750466941605424,9542.009287804964,1,1,21.418414868318834,1178246.7852405335
3012.8191238111226,1,49.606665817033615,5616.121745324778,3,2,28.119990515068306,804709.8923803852
2408.9990416113933,2,14.19272643043225,1843.0517863531918,1,0,11.898345459536502,534340.6708224118
4578.594732926312,3,17.957551483311573,7791.590994387326,2,2,21.535533212118136,1214947.0634722817
1000.388670377681,4,19.192357593389815,5427.3799009515615,3,2,14.794946722317803,594664.4051658431
2716.8129693088663,1,23.290640351012428,3722.027304604419,3,1,20.557589902605464,675778.7533889817
551.0914014533859,5,41.79990318906047,5422.763597757011,1,1,23.12390673107656,476525.2463119832
2608.9728889735684,3,11.789604697960494,5701.99730864918,3,1,2.318122512638083,824318.7495830011
753.3647405682681,2,38.800010351771476,6064.405291201053,3,0,19.751412874511196,492632.65442992916
1034.6806232063236,2,20.26550915428717,4971.013422897939,2,0,7.575494347801393,506593.8240028089
1028.868110496972,3,30.092769183100426,6451.79772825151,2,1,20.430943596419436,585398.6092127275
3421.446359522286,2,31.627026661315305,9268.612395457396,1,1,14.581575392080591,1048654.2591421525
3857.201956694405,4,18.642431859446724,4260.412783887321,2,0,23.433029514081728,912686.3137178064
3125.1594429372185,1,25.63076026029026,7531.448168979542,1,0,4.578623640962297,892146.8851980552
4829.776468135438,4,20.65155873238485,9050.07301141809,1,0,19.16334819802966,1311624.5681989659
2186.9176078566684,2,3.4566393093309724,5103.813481839432,1,0,9.075651138899017,683575.0368879914
1785.7043882683734,5,21.858269440841326,4991.102527437137,3,1,25.736477864587155,676772.9858669498
4408.696076852571,1,4.869669627677609,6419.0528681930155,2,0,27.923121663452918,1066304.4834613602
1506.1812733375368,1,20.251039954016075,6322.660834802393,1,1,29.89555051669261,612481.5792963431
4834.501427482751,3,29.645919991589093,8259.304080936494,2,2,24.084214670391216,1258127.566967753
554.6951361041736,3,28.970744967175037,5288.350454004634,1,2,22.85828804241213,465962.1175488079
4864.454720184375,5,33.13106395041602,9965.10654675497,2,0,7.24952200715898,1355739.5789907097
694.2196037775925,1,4.763075397731314,1535.2441198055271,2,2,10.744204710713154,270846.74833002524
4510.14401164132,5,32.60616227652189,1028.5106372263156,1,2,14.504793711106107,875693.7486939763
2874.6549908883494,3,15.607402834822354,6761.784804036614,3,2,23.428050385685243,919731.0222411571
4968.341582536851,3,19.952297306855556,3685.91421125689,2,0,27.53401008726109,1002432.6438103436
832.0845413092949,1,42.89931269613529,3163.4414982953544,3,0,6.485033900666554,345607.1655526732
2992.3442798059436,4,0.45152020647751256,3807.0917200385243,3,2,27.748657055432982,809793.7560947892
4861.861410285946,2,29.42063166703027,3304.4280859445885,1,1,21.173114918267682,955573.9643069255
2853.9402987656695,3,29.93569900500538,1277.1104469440306,1,2,18.71235118986612,587544.2749160154
3332.2938716086815,3,19.832988817178098,9743.797381515298,1,0,6.795396867176246,1094761.1405822947
3630.869100430777,4,11.851392855416808,2986.709396075036,2,0,2.610225951465366,830635.2788243218
2545.43479145498,4,11.733701913077555,7606.267863303757,1,0,17.48548205673026,876820.9475961738
3324.0113603782856,5,44.18548348303763,7863.367552247578,1,2,19.89395481653788,1006449.5676892383
3129.414403653951,5,22.101218689142875,9363.316582065063,2,1,7.112662031285959,1114609.5363717182
4555.21104720945,2,16.544468149458595,1274.9451138404197,2,0,17.137229968938236,846262.1532942171
704.5087115365604,2,22.438878691570153,8848.435046023069,1,0,25.838308680114633,592816.4639709811
1764.3343531650364,1,33.469520072968066,5745.035627558202,1,2,25.21691241819558,601001.5572783678
4776.851678344514,5,7.287828412237585,6692.896989692451,1,1,27.893300237002617,1210223.3015495099
4506.187027509123,3,22.471691760686884,6800.232494089303,1,2,11.610688477149532,1145476.5683214003
2550.4553875357083,5,29.39421855551935,8378.180244862548,3,0,10.223437603976642,970379.7706096426
3290.5966901069155,3,47.429167742571686,4000.6658994319946,3,1,22.733354173443452,796270.1245557647
1748.2153234150971,4,12.626389103770963,7597.460708739941,1,1,13.502259747813145,758414.0463636536
1346.5452187569258,5,17.962537395812276,5757.202987499774,3,0,3.538911256805638,673812.4291034257
2586.6428222299196,4,18.96792949612119,8140.546128748129,2,1,9.201232789444491,938486.215367846
2090.0850261172377,2,30.276907882244142,9914.9142949312,3,1,13.138886280413185,918100.7377878455
3126.452503328924,2,17.83660265200008,2805.859156633851,3,2,9.482976338811309,739908.5381275405
849.8058663424317,1,26.67559626498478,9951.837774039981,1,0,10.633961557472327,664514.8966138802
4884.776634497749,5,39.08951649225147,1808.3093885449662,3,0,9.519501279057332,977925.1995923605
4937.948350158213,4,35.26927970561018,1020.8579311433248,3,0,2.2034758483093038,932628.7217622679
